id,batch_num,hotel_code
1,batch1,PARVD
2,batch1,LONWH
3,batch1,PARWG
4,batch1,PARAR
5,batch1,PARPR
6,batch1,PAROA
7,batch1,PARDT
8,batch1,PARSC
9,batch1,PARST
10,batch1,PARSP
11,batch2,BOMJW
12,batch2,BOMCY
13,batch2,EWRDT
14,batch2,ROABL
15,batch2,STLWP
16,batch2,HNLOW
17,batch2,DALAD
18,batch2,LASJW
19,batch2,BUFBD
20,batch2,MCOCB
21,batch2,SDFGJ
22,batch2,ARBDT
23,batch2,BJSRZ
24,batch2,SYXDB
25,batch2,BJSWF
26,batch2,HGHJW
27,batch2,CANRZ
28,batch2,SHASZ
29,batch2,SYXRZ
30,batch2,WUHBR
31,batch2,SZVCY
32,batch2,NNGMC
33,batch2,ABQCA
34,batch2,ABQCY
35,batch2,ABQFI
36,batch2,ABYCY
37,batch2,ABYFX
38,batch2,ADBBR
39,batch2,AERMC
40,batch2,AMSCY
41,batch2,AMSNT
42,batch2,AMSRD
43,batch2,ATLAA
44,batch2,ATLAB
45,batch2,ATLBD
46,batch2,ATLBU
47,batch2,ATLCA
48,batch2,ATLCU
49,batch2,ATLDO
50,batch2,ATLEP
51,batch2,ATLJW
52,batch2,ATLLP
53,batch2,ATLMQ
54,batch2,ATLNE
55,batch2,ATLPE
56,batch2,ATLRB
57,batch2,ATLSI
58,batch2,AUAAR
59,batch2,AUSNO
60,batch2,AUSRB
61,batch2,TSNER
62,batch3,AMSAA
63,batch3,BERMC
64,batch3,BERMT
65,batch3,BERZT
66,batch3,CPHAC
67,batch3,CPHDK
68,batch3,DUSCY
69,batch3,DUSHF
70,batch3,FLLCO
71,batch3,FRADT
72,batch3,GOAGE
73,batch3,GVARZ
74,batch3,HAMCY
75,batch3,HAMDT
76,batch3,HAMRN
77,batch3,JLPAR
78,batch3,LEJDT
79,batch3,LONGH
80,batch3,LONMA
81,batch3,LONPL
82,batch3,LONRP
83,batch3,LONSE
84,batch3,MCOFW
85,batch3,MCOLZ
86,batch3,MCOSR
87,batch3,MIABB
88,batch3,MIACB
89,batch3,MIAMB
90,batch3,MILBG
91,batch3,MILEX
92,batch3,MILIT
93,batch3,MILMI
94,batch3,MUCCY
95,batch3,MUCNO
96,batch3,MUCOR
97,batch3,NAPBR
98,batch3,NCEAC
99,batch3,NCEJW
100,batch3,NYCEA
101,batch3,NYCFF
102,batch3,NYCFM
103,batch3,NYCLM
104,batch3,NYCMQ
105,batch3,NYCPR
106,batch3,NYCRI
107,batch3,ROMDT
108,batch3,ROMEX
109,batch3,RTMMN
110,batch3,STOCY
111,batch3,TRNTO
112,batch3,VCEAK
113,batch3,VCECY
114,batch3,VCEJW
115,batch3,VICVI
116,batch3,VIEHW
117,batch3,WASCT
118,batch3,WASNY
119,batch3,WASRB
120,batch3,WFGRZ
121,batch3,YYZCY
122,batch3,ZPZDE
123,batch3,ZRHCY
124,batch3,ZRHDT
125,batch3,BCNRF
126,batch3,PRGAK
127,batch3,DXBJW
128,batch3,DXBRZ
129,batch3,BCNFO
130,batch3,BUDCY
131,batch3,VIERZ
132,batch3,BUDAK
133,batch3,YVRDT
134,batch3,AGPMG
135,batch3,CGNMC
136,batch3,VIEFG
137,batch3,BUDHU
138,batch3,BCNRZ
139,batch3,CAIEG
140,batch3,LONXE
141,batch3,VIECY
142,batch3,MOWBR
143,batch3,QCAMC
144,batch3,BAHRZ
145,batch3,MADTO
146,batch3,CGNCY
147,batch3,LENAC
148,batch3,CUNMX
149,batch3,TBSCY
150,batch3,YYJMC
151,batch3,GYDJW
152,batch3,BCNSM
153,batch3,LISAK
154,batch3,HNMMH
155,batch3,ALCAL
156,batch3,MADAD
157,batch3,OPOPO
158,batch3,EDIEB
159,batch3,LONPR
160,batch3,MADAC
161,batch3,MADCY
162,batch3,MANAP
163,batch3,BRUBR
164,batch3,LASCY
165,batch3,MADFE
166,batch3,MRKFL
167,batch3,EDIRI
168,batch3,LONCW
169,batch3,OMART
170,batch3,PNAAC
171,batch3,PHFNN
172,batch3,ATLAW
173,batch3,NYCQN
174,batch3,BUDER
175,batch3,ZRHBR
176,batch3,CUNJW
177,batch3,FLRFI
178,batch3,NYCFQ
179,batch3,BOSPY
180,batch3,DENDR
181,batch3,DXBHG
182,batch3,SCLAC
183,batch3,BCNIR
184,batch3,EDIAK
185,batch3,EWRCA
186,batch3,LIMDT
187,batch3,MIADD
188,batch3,ROGFI
189,batch3,SANCG
190,batch3,LONDT
191,batch3,MCOUS
192,batch3,PMIMA
193,batch3,SACFO
194,batch3,YQLFI
195,batch3,HOUTA
196,batch3,LASBR
197,batch3,LONLM
198,batch3,MCORL
199,batch3,ORFDT
200,batch3,PRGDT
201,batch3,SVQTO
202,batch3,TLVBR
203,batch3,TULFC
204,batch3,YYZDA
205,batch3,AUSJW
206,batch3,BCNSC
207,batch3,BNAFN
208,batch3,BOSAC
209,batch3,CLERZ
210,batch3,EWRBW
211,batch3,EWRFB
212,batch3,LENPO
213,batch3,LNKFI
214,batch3,MADAT
215,batch3,MEMPP
216,batch3,MEXNA
217,batch3,OSACY
218,batch3,PRGPZ
219,batch3,PTYJW
220,batch3,SFOFC
221,batch3,SFOSM
222,batch3,WAWPL
223,batch3,WJFCY
224,batch3,YVRPS
225,batch3,AIYFW
226,batch3,ATLBH
227,batch3,ATLFS
228,batch3,AVLAC
229,batch3,BCNDM
230,batch3,BDLNH
231,batch3,BHMRI
232,batch3,BNACO
233,batch3,BOSBL
234,batch3,BOSFM
235,batch3,BTRBB
236,batch3,BWIAS
237,batch3,CAKCC
238,batch3,CHIFD
239,batch3,DALCC
240,batch3,DENTA
241,batch3,DLSFI
242,batch3,DTWRM
243,batch3,DTWTS
244,batch3,EWRFM
245,batch3,FLLRZ
246,batch3,FYVSH
247,batch3,GNVGI
248,batch3,GRRFI
249,batch3,GRRHO
250,batch3,GRRRI
251,batch3,GRRSE
252,batch3,GSPGD
253,batch3,HARMT
254,batch3,HNLKO
255,batch3,HOUTN
256,batch3,IAGFI
257,batch3,ILMRI
258,batch3,IPLFI
259,batch3,JENPS
260,batch3,MEMME
261,batch3,MEMSS
262,batch4,YULDB
263,batch4,YQBDR
264,batch4,YOWDM
265,batch4,YYCBV
266,batch4,YSEWV
267,batch4,YULCC
268,batch4,YYJVO
269,batch4,YVRDV
270,batch4,YBACL
271,batch4,BJSJC
272,batch4,BJSCW
273,batch4,HGHQJ
274,batch4,HGHCY
275,batch4,TSNLV
276,batch4,TSNTJ
277,batch4,SHARZ
278,batch4,BJSBC
279,batch4,SYXBR
280,batch4,CGOJW
281,batch4,CSXZH
282,batch4,TSNTI
283,batch4,TSNJX
284,batch4,HAKMC
285,batch4,CTURZ
286,batch4,YIWMC
287,batch4,NKGBR
288,batch4,CANSM
289,batch4,HUZBR
290,batch4,SZVMC
291,batch4,ZUHMC
292,batch4,TYNWM
293,batch4,SZXER
294,batch4,SYXXB
295,batch4,SZXBA
296,batch4,SZVSW
297,batch4,SZXWT
298,batch4,CKGJW
299,batch4,CTUMC
300,batch4,HKGAP
301,batch4,HKGST
302,batch4,HKGDT
303,batch4,HKGHV
304,batch4,BKKDT
305,batch4,BKKBR
306,batch4,HKTJW
307,batch4,HKTMB
308,batch4,SINJW
309,batch4,MSYAC
310,batch4,MUCAK
311,batch4,OAKMV
312,batch4,ONTTC
313,batch4,ORFVB
314,batch4,PBCMC
315,batch4,PBIRH
316,batch4,PBIWI
317,batch4,PHXSP
318,batch4,PHXSZ
319,batch4,PVDAP
320,batch4,RDUAK
321,batch4,REHFS
322,batch4,RNODT
323,batch4,SATTW
324,batch4,SBYCI
325,batch4,SBYFI
326,batch4,SBYRO
327,batch4,SFOAC
328,batch4,SGFTS
329,batch4,SGUZI
330,batch4,SJCSJ
331,batch4,SLCAK
332,batch4,SNAAG
333,batch4,SNAAI
334,batch4,SNADP
335,batch4,SNAHU
336,batch4,STFCY
337,batch4,STLBW
338,batch4,TLHSE
339,batch4,TOLGP
340,batch4,TYSCK
341,batch4,VSAMC
342,batch4,WASCA
343,batch4,WASCN
344,batch4,WASTN
345,batch4,WHRCO
346,batch4,YGKRI
347,batch4,YQRDR
348,batch4,YVRJW
349,batch4,BRSRY
350,batch4,FHKFR
351,batch4,GLSCY
352,batch4,LISPT
353,batch4,MANBR
354,batch4,MEMPA
355,batch4,MNZRI
356,batch4,OVBMC
357,batch4,RAPDW
358,batch4,SANOT
359,batch4,SJUPR
360,batch4,WASXF
361,batch4,YOWAP
362,batch4,BOSWX
363,batch4,BTLTS
364,batch4,CHIRH
365,batch4,CNYFI
366,batch4,FHKSH
367,batch4,FMNFI
368,batch4,PGVRI
369,batch4,RDDRD
370,batch4,TPADU
371,batch4,JACSH
372,batch4,LAXMD
373,batch4,LEIAL
374,batch4,MADAV
375,batch4,MADCA
376,batch4,NYCJF
377,batch4,VIESE
378,batch4,BCNSA
379,batch4,MCOSS
380,batch4,ORFAK
381,batch4,OVDGI
382,batch4,VITGE
383,batch4,BERAK
384,batch4,BNASH
385,batch4,CVGBC
386,batch4,DFWCY
387,batch4,ISTDT
388,batch4,JAXAK
389,batch4,ONTAK
390,batch4,RNORZ
391,batch4,SANCY
392,batch4,VPSSH
393,batch4,WASJW
394,batch4,WJFRI
395,batch4,LISDR
396,batch4,MADCO
397,batch4,MEMPL
398,batch4,MKEDN
399,batch4,MOBSA
400,batch4,OAKCY
401,batch4,REUTA
402,batch4,SYRDR
403,batch4,BBCFI
404,batch4,CHIBR
405,batch4,DALCO
406,batch4,DALRW
407,batch4,DENRE
408,batch4,GHMDK
409,batch4,HERAK
410,batch4,HOUMQ
411,batch4,LBAGS
412,batch4,MADCU
413,batch4,MADSE
414,batch4,MCOLY
415,batch4,MSYOF
416,batch4,OSAMC
417,batch4,PSAPS
418,batch4,PVDPR
419,batch4,QPAPA
420,batch4,SATTS
421,batch4,SAVSH
422,batch4,SEASM
423,batch4,SFOME
424,batch4,SHRFI
425,batch4,SYRDT
426,batch4,TULDT
427,batch4,YYZMC
428,batch4,BCNGA
429,batch4,BEHFI
430,batch4,BOSDT
431,batch4,CMHRN
432,batch4,HHHHR
433,batch4,INTWS
434,batch4,MADMA
435,batch4,MADVA
436,batch4,MEMMM
437,batch4,OMASB
438,batch4,PITSC
439,batch4,ROMCP
440,batch4,AMMJR
441,batch4,ATLBC
442,batch4,BEROX
443,batch4,BNADT
444,batch4,BNAGI
445,batch4,DABDB
446,batch4,DALAK
447,batch4,JAIMC
448,batch4,LASVG
449,batch4,LBADT
450,batch4,MADAL
451,batch4,MIASB
452,batch4,MOWDT
453,batch4,OKCDC
454,batch4,PMEHA
455,batch4,SVQJU
456,batch4,TPAFW
457,batch4,WASRA
458,batch4,ATLAC
459,batch4,ATLTC
460,batch4,AUSCP
461,batch4,BCNAK
462,batch4,BISRI
463,batch4,BOSTD
464,batch4,BOSTW
465,batch4,BWICB
466,batch4,CAEMT
467,batch4,CHIDS
468,batch4,CHSAK
469,batch4,CIDVL
470,batch4,CLTBL
471,batch4,CMPRI
472,batch4,CRPFI
473,batch4,CRPRP
474,batch4,CVGSF
475,batch4,DALWF
476,batch4,DAYFI
477,batch4,DAYJV
478,batch4,DENNW
479,batch4,DSMRD
480,batch4,ESNFI
481,batch4,EYWFI
482,batch4,FTCCO
483,batch4,GRRCY
484,batch4,HNLOA
485,batch4,HOBTS
486,batch4,HOUCL
487,batch4,IADDL
488,batch4,ILGNC
489,batch4,JENSH
490,batch4,LAXJW
491,batch4,LSEFI
492,batch4,MADRE
493,batch4,MAFOC
494,batch4,MAFOR
495,batch4,MBSSM
496,batch4,MCISP
497,batch4,MKEMW
498,batch4,MKLJK
499,batch4,MSPEP
500,batch4,MSYHV
501,batch4,MTTFI
502,batch4,MYRCN
503,batch4,MYROW
504,batch4,OAKCP
505,batch4,OKCEX
506,batch4,OKCYK
507,batch4,ORFVO
508,batch4,PHFFW
509,batch4,PHLFA
510,batch4,PHXFI
511,batch4,PHXGB
512,batch4,PHXTM
513,batch4,PITTW
514,batch4,POURK
515,batch4,RALFI
516,batch4,RGSBU
517,batch4,SANFI
518,batch4,SATRI
519,batch4,SAVIN
520,batch4,SBNNB
521,batch4,SGFBR
522,batch4,SJCAC
523,batch4,SJCSV
524,batch4,SLCYO
525,batch4,SNAAH
526,batch4,SNATS
527,batch4,WASCG
528,batch4,WASIN
529,batch4,WCOTS
530,batch4,YOWOE
531,batch4,YQGTS
532,batch4,YYZTS
533,batch4,ATLAP
534,batch4,AVLAR
535,batch4,BHMBF
536,batch4,BJZBA
537,batch4,BOSDM
538,batch4,BOSRD
539,batch4,CEBPH
540,batch4,CHIXS
541,batch4,CMHRY
542,batch4,CVGNW
543,batch4,DUBBR
544,batch4,EWRDO
545,batch4,GFLCY
546,batch4,HOUSB
547,batch4,HOUTS
548,batch4,HPNOB
549,batch4,JAXCO
550,batch4,LASFS
551,batch4,LAXAH
552,batch4,LAXBV
553,batch4,LAXDB
554,batch4,LISRZ
555,batch4,LNZCY
556,batch4,MAFMT
557,batch4,MCOFV
558,batch4,MOWGR
559,batch4,MRKML
560,batch4,MRYSH
561,batch4,MSPMS
562,batch4,MSPWB
563,batch4,MSYHO
564,batch4,OAKDT
565,batch4,ORFNW
566,batch4,ORFRI
567,batch4,PRGPA
568,batch4,RDUSF
569,batch4,RSWRA
570,batch4,RUHSA
571,batch4,SACGM
572,batch4,SANFD
573,batch4,SBACY
574,batch4,SEATA
575,batch4,SEAWF
576,batch4,SEAWV
577,batch4,SFOAK
578,batch4,SNAOG
579,batch4,TVCFI
580,batch4,WASAR
581,batch4,WASRI
582,batch4,AZOCY
583,batch4,BNAVW
584,batch4,BWRAR
585,batch4,CHIDR
586,batch4,CVGFL
587,batch4,DENDA
588,batch4,HOUCN
589,batch4,ILMSH
590,batch4,LAXLD
591,batch4,LAXMO
592,batch4,LYHFI
593,batch4,MLURU
594,batch4,MPLCY
595,batch4,MSPAC
596,batch4,MSPAR
597,batch4,NYCEX
598,batch4,NYCFT
599,batch4,OKCTS
600,batch4,OXRTS
601,batch4,PARXA
602,batch4,PDXAP
603,batch4,PHLKP
604,batch4,RDGWY
605,batch4,REHRI
606,batch4,RICRL
607,batch4,SFONS
608,batch4,SLCLI
609,batch4,TBSMC
610,batch4,WASLN
611,batch4,ATLZT
612,batch4,BFDOL
613,batch4,DSMUD
614,batch4,DUSRN
615,batch4,ELPCY
616,batch4,GNVSH
617,batch4,IAGNF
618,batch4,INDAV
619,batch4,JHBBR
620,batch4,LAXRI
621,batch4,LCGCO
622,batch4,LCHRI
623,batch4,MADFI
624,batch4,MFMJW
625,batch4,MFMMR
626,batch4,MGWMC
627,batch4,MHPBR
628,batch4,MIADA
629,batch4,MJVMU
630,batch4,MKEWE
631,batch4,MSYRM
632,batch4,MTHKL
633,batch4,PDXAK
634,batch4,PHLDC
635,batch4,PHLRI
636,batch4,PITMO
637,batch4,RSWNP
638,batch4,SEALU
639,batch4,STLMG
640,batch4,TSEMC
641,batch4,VIEAT
642,batch4,VPSDF
643,batch4,YKAFI
644,batch4,YVRDR
645,batch4,YWGFI
646,batch4,YYZFS
647,batch4,YYZRZ
648,batch4,BTVWB
649,batch4,BVUDT
650,batch4,CMHAK
651,batch4,CVGMT
652,batch4,DXBMH
653,batch4,GRBDT
654,batch4,GTRCY
655,batch4,HVNUN
656,batch4,IAHCS
657,batch4,LNKNO
658,batch4,MCORA
659,batch4,MCOWC
660,batch4,MIATB
661,batch4,OMARW
662,batch4,PUWRI
663,batch4,RDURF
664,batch4,SACRV
665,batch4,SATCY
666,batch4,SLCFD
667,batch4,SRQRZ
668,batch4,SSHEG
669,batch4,SYDMC
670,batch4,TLCCY
671,batch4,UROAK
672,batch4,WASFT
673,batch4,YQMFI
674,batch4,YYZBR
675,batch4,AUSRT
676,batch4,BHMOX
677,batch4,BISCN
678,batch4,BKKRR
679,batch4,BOGJW
680,batch4,BRUER
681,batch4,DAYCN
682,batch4,DECRI
683,batch4,DENRD
684,batch4,DFWMS
685,batch4,EWROG
686,batch4,FLLMM
687,batch4,FLOTS
688,batch4,GRXPA
689,batch4,HAFRZ
690,batch4,IAGMC
691,batch4,LPLLP
692,batch4,MCIKS
693,batch4,MCISR
694,batch4,MCOLM
695,batch4,MKEBC
696,batch4,MOWTV
697,batch4,MRSBR
698,batch4,MSPNW
699,batch4,MSYAK
700,batch4,MSYCM
701,batch4,MSYFD
702,batch4,MUCFR
703,batch4,MYRCY
704,batch4,PHLVO
705,batch4,PHXBD
706,batch4,PITRK
707,batch4,RICCH
708,batch4,SDFAP
709,batch4,SDFLS
710,batch4,SHACY
711,batch4,SYRMC
712,batch4,TYSCP
713,batch4,VLLPA
714,batch4,WASWE
715,batch4,XRYLI
716,batch4,YHZMC
717,batch4,YYGDP
718,batch4,CHIWB
719,batch4,CMHCG
720,batch4,DENWE
721,batch4,DFWAS
722,batch4,HARWM
723,batch4,HOUSS
724,batch4,LAXRR
725,batch4,LEXKN
726,batch4,MADAI
727,batch4,MADRC
728,batch4,MIAAC
729,batch4,MIADT
730,batch4,MSPDC
731,batch4,NYCLX
732,batch4,NYCRD
733,batch4,OKCRW
734,batch4,PHLSM
735,batch4,PUBCY
736,batch4,SATNL
737,batch4,SFODT
738,batch4,SOSSM
739,batch4,TPAHF
740,batch4,TYSKE
741,batch4,WASFR
742,batch4,WASPC
743,batch4,YULDT
744,batch4,YYZMD
745,batch4,ALBBR
746,batch4,ATLCV
747,batch4,BOSFN
748,batch4,BSLCY
749,batch4,BUHRO
750,batch4,CHSBR
751,batch4,CHSCY
752,batch4,CRPFC
753,batch4,CVGNO
754,batch4,DALAL
755,batch4,DALBP
756,batch4,DTTDB
757,batch4,DURUM
758,batch4,EBBKA
759,batch4,FLLCC
760,batch4,FLLPM
761,batch4,GLADT
762,batch4,HYSFI
763,batch4,ILGWC
764,batch4,KGLMC
765,batch4,LAXHH
766,batch4,LAXSH
767,batch4,LEDCY
768,batch4,LEXRI
769,batch4,LGBCL
770,batch4,LRDCY
771,batch4,MCITP
772,batch4,MCOJW
773,batch4,MCOLC
774,batch4,MCOLN
775,batch4,MIACA
776,batch4,MNLAP
777,batch4,MSYQC
778,batch4,MSYSH
779,batch4,MVCFI
780,batch4,NYCPS
781,batch4,PARAC
782,batch4,PHLVG
783,batch4,PHXCL
784,batch4,PIAPE
785,batch4,PYXCY
786,batch4,RJLLO
787,batch4,ROGRI
788,batch4,RUHRZ
789,batch4,SANCS
790,batch4,SANDH
791,batch4,SANDT
792,batch4,SANSH
793,batch4,SATNW
794,batch4,SATRW
795,batch4,SATTN
796,batch4,SAVCH
797,batch4,SDFDT
798,batch4,SELDP
799,batch4,SJCTN
800,batch4,SJUBR
801,batch4,SJUMR
802,batch4,TCLFI
803,batch4,TFOFI
804,batch4,TWFTW
805,batch4,TYOMC
806,batch4,VISMC
807,batch4,VLDFV
808,batch4,WASCC
809,batch4,WASEM
810,batch4,WASFD
811,batch4,WASRV
812,batch4,WCOLL
813,batch4,YLWOK
814,batch4,YSJAK
815,batch4,YVRDB
816,batch4,YYCCA
817,batch4,ATLAG
818,batch4,AUAAO
819,batch4,BDLHO
820,batch4,BKKEA
821,batch4,BOSLW
822,batch4,BRUDT
823,batch4,CAKRI
824,batch4,CCSJW
825,batch4,CHIJW
826,batch4,CLTFS
827,batch4,DURUR
828,batch4,DXBHR
829,batch4,ERVFI
830,batch4,GSOAB
831,batch4,ILDLL
832,batch4,ISPSH
833,batch4,JNBMR
834,batch4,MCOCR
835,batch4,MCORY
836,batch4,MIACH
837,batch4,MLIQC
838,batch4,OGDCY
839,batch4,SANOD
840,batch4,SLCDR
841,batch4,SVQCI
842,batch4,TFSRZ
843,batch4,YNGNR
844,batch4,ABQRI
845,batch4,AEIAL
846,batch4,AGPMB
847,batch4,ATLSZ
848,batch4,ATLWO
849,batch4,AVPCY
850,batch4,BAHER
851,batch4,BLQBO
852,batch4,BLRRZ
853,batch4,BOMBR
854,batch4,BOSBB
855,batch4,BOSCO
856,batch4,BOSFP
857,batch4,CAIJW
858,batch4,DALQC
859,batch4,DALWX
860,batch4,DEDJW
861,batch4,DENSD
862,batch4,DRSAK
863,batch4,DSMIA
864,batch4,DTTTS
865,batch4,DTWDI
866,batch4,FAYLB
867,batch4,GROPA
868,batch4,GSOBR
869,batch4,GTLCY
870,batch4,HOUMC
871,batch4,HSVHW
872,batch4,INDJW
873,batch4,IXCJW
874,batch4,JKTJW
875,batch4,JNBMG
876,batch4,KULPG
877,batch4,KWIRI
878,batch4,LASGR
879,batch4,LAXMB
880,batch4,LAXOC
881,batch4,LEDBR
882,batch4,LEXSH
883,batch4,LEXTS
884,batch4,LGBCY
885,batch4,LYSMC
886,batch4,MCOAP
887,batch4,MEMFG
888,batch4,MSYJW
889,batch4,MYRFN
890,batch4,NYCET
891,batch4,NYCRT
892,batch4,ONTTS
893,batch4,OOLSP
894,batch4,PARDP
895,batch4,PHLAV
896,batch4,PHLGB
897,batch4,PHLPY
898,batch4,PRGCY
899,batch4,QKBVI
900,batch4,QMDJV
901,batch4,RDUCY
902,batch4,RDUHL
903,batch4,RSWNA
904,batch4,SACCY
905,batch4,SACXP
906,batch4,SANAK
907,batch4,SANCI
908,batch4,SATCN
909,batch4,SATSA
910,batch4,SEADT
911,batch4,SFORZ
912,batch4,SLCSA
913,batch4,STLSC
914,batch4,SWSDT
915,batch4,TPAAP
916,batch4,TPAPC
917,batch4,WASCV
918,batch4,WASGW
919,batch4,WASPG
920,batch4,WASPM
921,batch4,YHZCY
922,batch4,ATLMS
923,batch4,ATLMT
924,batch4,BCNSU
925,batch4,BNAGO
926,batch4,DFWAR
927,batch4,DOHRZ
928,batch4,GNVOC
929,batch4,HOUTM
930,batch4,JANMD
931,batch4,LASPR
932,batch4,LCHCY
933,batch4,LONTW
934,batch4,MCOOF
935,batch4,MCOSW
936,batch4,MIABM
937,batch4,MIAGV
938,batch4,MIAJW
939,batch4,MKLRI
940,batch4,NCLSL
941,batch4,NYCME
942,batch4,NYCPK
943,batch4,NYCWS
944,batch4,RDUCV
945,batch4,RNOBR
946,batch4,SANMV
947,batch4,SAOBR
948,batch4,SAVSP
949,batch4,SEALN
950,batch4,TGZMC
951,batch4,UOXTS
952,batch4,VELTS
953,batch4,YNGFN
954,batch4,AMADT
955,batch4,AMSAK
956,batch4,ATLAN
957,batch4,ATLDC
958,batch4,ATLVN
959,batch4,AUSAN
960,batch4,BAHRI
961,batch4,BJSNE
962,batch4,BKKCY
963,batch4,BLZRY
964,batch4,BNAFC
965,batch4,BNAVB
966,batch4,BOSQU
967,batch4,BOSSY
968,batch4,BOSWF
969,batch4,BWIDI
970,batch4,BWIDT
971,batch4,CAIRZ
972,batch4,CAKFC
973,batch4,CGNBO
974,batch4,CHASE
975,batch4,CHIBL
976,batch4,CHIDT
977,batch4,CHIEL
978,batch4,CHILN
979,batch4,CHIOB
980,batch4,CHOFI
981,batch4,CHSHD
982,batch4,CHSSH
983,batch4,CLECW
984,batch4,CMHRD
985,batch4,CMHWG
986,batch4,CPTBR
987,batch4,CPTOH
988,batch4,CPTST
989,batch4,DALDM
990,batch4,DALXC
991,batch4,DAYUD
992,batch4,DENCH
993,batch4,DENMW
994,batch4,DFWDT
995,batch4,DSMAD
996,batch4,EATWC
997,batch4,EMVFI
998,batch4,EYWMC
999,batch4,FAYSL
1000,batch4,FLGCY